Wv7lEyck2mg	The Sermon on the Mount | Lecture One (Official) | Peterson Academy
IsXdO5RD_NU	Understanding the True Spirit of Christmas
epoRGnCWyXw	Personality Psychology | Lecture One (Official) | Peterson Academy
Nn1Np7mrFck	Maps of Meaning | Lecture One (Official) | Peterson Academy
YZB8CS-5EvA	Why The Monster In Your Dreams Is Chasing You | Dr. Baland Jalal
obQmX3oUv6w	The Depths of Dante's Inferno | John Vervaeke and Jordan Hall
1nyVHWu7N2Y	Some Dreams Are Really Nightmares | Dr. Arthur Brooks
d88svxU5DBg	“Trump Is Not God, Musk Is Not God” | Russell Brand
bFAbNRDA23s	How Your Brain Decides Between Conflicting Actions | Dr. David Eagleman
8jb-UxGAJ8M	The Birth of Christ | Biblical Series: The Gospels
NKjKzl0JCJw	How Do You Know The Bible Is True?
mQ5Izid9NSU	The Mob Mentality That Led to Crucifixion | The Gospels
9x3cHzRvNQo	The Psychology of Pure Evil | Michael Malice
DVk0-yJ2uoI	When You Should Listen To Hypocrites  | The Gospels
6fLubzobI0c	How Do You Know When You Find Truth? | The Gospels
9MsgImiQIc4	The Arrogance of Atheism | Dr. Brian Keating
3gaDho0sl4w	Reordering Desire: The True Purpose of Prayer | The Gospels
aRTpoIDFXuc	Acknowledge Your Past to Retake Your Future | Greg Laurie
2pUOCZSjzv4	Season 5 Will Blow You Away: "The Chosen" | Dallas Jenkins
dt-BeOTiNvk	We Who Wrestle With God: In the Image of God
SM7M30DaL0M	One of Jesus’ Most Perplexing Parables Explained | The Gospels
PpjrUzfkfSo	Why "The Chosen" Resonates | Dallas Jenkins
IXP3YwVMvp0	This Is the Correct Interpretation | The Gospels
xYBuXA4XkV8	The Devil’s Offer | The Gospels
pyxVCWfKdMg	Humans Effectively Have X-Ray Vision | Mark Changizi
8fLwtgNM-ac	The Afterlife Is Real | Greg Laurie
n4GBm2ItH58	My New Book: "We Who Wrestle with God"
p5ngZZRT3bY	Jesus Freaks and the Hippie Preacher | Greg Laurie
KmVbZ062Dxo	This “Safe” Drug Supercharges Your Dopamine and Decimates Your Happiness | Dan Williams
KI2bdjIR1XE	Science Alone Did Not Get Us to the Moon | Jonathan Pageau
I5_oyUDilKE	The Gospels | Official Trailer
gFp2AZBx8hE	Does Facing the Serpent Lead to Redemption? | Richard Dawkins
s1cXGYAGeso	An Unexpected Discussion on the Virgin Birth | Richard Dawkins
w3NOoj373hA	The Worst Form of Immaturity | Dr. Keith Campbell
x3TDCFNmd-Q	What Monet's Haystack Paintings Demonstrate About Reality | Spencer Klavan
d6ibq9zqFts	How Physics Affects Your Emotional State | Brian Greene
k7JTxHwrj84	Psychopathy by Design | Jamie Wheal
vKbAPVz__8s	Man's Role in Co-Creation | Jamie Wheal
OrOJB7zGIU4	When the Metaphorical Becomes Physical | Bret Weinstein and Heather Heying
5fsqHpqwa0E	Socrates, Jesus, and the Fall of Rome | Dr. John Vervaeke
PIPaZL4b6T8	What the Scientific Community Knows About God | Vivek Ramaswamy
Gqi_ZfemjDc	Depression & Anxiety Official Trailer
9HkEQCShfLA	The Two Main Forms of Narcissism Explained | Keith Campbell
9oLu94Co6dE	Richard Dawkins and the Evil God Problem | Jack Symes
GKDKjp8_44I	When God Is Too Ineffable | Jack Symes
MaDeQIW11FM	The Real Reason Jonah was Swallowed by the Whale
kF5WHSNk-MA	Leaving the Church of Satan | Zeena Schreck
Ks4Dqh-lgcY	When Your Father Wrote the Satanic Bible | Zeena Schreck
kK0Q1ynx8Co	The Terror of Believing in Christ | John Rich
cSyEV0YIaXQ	You Have a Higher Calling, Yield to It | John Rich
-5DW98jJaKc	The Biblical Orientation of Women and Motherhood | Mary Harrington
im9EyF5eJPI	When God Calls You to Purpose | Bishop Martin
-Xl7T0x7LV0	The Line Between Play and Malevolence
AYxhnvTvtU0	What Karl Marx Thought About Religion | Dr. Paul Kengor
9RBCHjP-X_E	Why We Laugh and the Rarity of Female Comics
R2f13GzlGnc	The Sins of Adam and the True Nature of Eve
4I2cTjiQm20	Is Heaven Supposed To Be Perfect?
FfX1a4sIPyU	But Did It "Really" Happen? | Alex O'Connor
vukUbsdYkIU	The Case for Living a Moral Life | Ronnie Janoff-Bulman
H5LRc-RGXTc	What Is God?
bL8Nnj5qlaQ	Do You Think God Is Real? | @RussellBrand
BNWj6iQOGK4	Consciousness Maps Reality as a Story
T8oqA5efwHs	Christ, Miracle, and the Beauty of the Church
HmuEUj1DwSI	A Psychological Breakdown of a Rap Song
GEASnFvLxhU	Tyrant Contra God | Biblical Series: Exodus Episode 1
HXhyENF0fwQ	Prayer as Psychological Sacrifice | Biblical Series: Exodus
5lZb6wobCn4	The Struggle of Faith | Biblical Series: Exodus
9ByjCwumwBM	Ancient Wisdom at an Ancient Library
YFepnJjVGrY	Death of the Firstborn: The Final Plague | Biblical Series: Exodus
9y3QTZhsGhI	Biblical Series: Exodus | Pharaoh, Free Will, and Punishment | Episode 5 Clip
MXnd0oxfx_I	Biblical Series: Exodus | How to Strengthen Yourself Through Suffering | Episode 4 Clip
w0zLXEj-8EQ	Biblical Series: Exodus | The Unseen Attack On Western Culture | Exodus Episode 1 Clip
pPAzLSF7wHY	Why Should You Go to Church?
hYWp0zw-qFA	Jordan Peterson's 'Dragons, Monsters, and Men' | Only On DailyWire+
LmYs6C8yPq0	Evolutionary Psychologist Shares How Women Select Men
pEWEEZ8rp24	The Actor
PcM3Y8kACo4	A Wing and a Prayer
Su1FQUkMojU	The Development of the Individual Requires Sacrifice | Russell Brand & Mikhaila & Jordan Peterson
SAI1HXS9NwQ	Imitation as a Gateway to Development | Russell Brand & Mikhaila & Jordan Peterson
Ek0tCv0YCVE	The Physical Path to Exploring the Hero Archetype With Wim Hof and Jordan Peterson
LLyPVgeH-jo	Men & Women: Personality Differences | Discovering Personality with Dr. Jordan B. Peterson
6bHX5W55Fdw	Auckland Clip 4: On Cain and Abel
6LIR2zQ-jvQ	Religious Belief and the Enlightenment with Ben Shapiro
cXllaoNQmZY	Bishop Barron: Word on Fire
j0GL_4cAkhI	On Claiming Belief In God: Discussion with Dennis Prager
vwKCK5EhibM	On Claiming Belief in God: Commentary
MnUfXYGtT5Q	Lecture: Who Dares Say He Believes in God?
RUo6Xz9asgw	We Make Stories Out of Totem Poles
QT_dxsTsHsg	Archetype, Reality, Friendship and Literature: Peterson/Hurwitz
_v-NfZ1j918	Leaders: Myth & Reality: General Stanley McChrystal
XvbtKAYdcZY	Sir Roger Scruton/Dr. Jordan B. Peterson: Apprehending the Transcendent
6LLqWGn7e_k	Nina Paley: Death of the Firstborn Egyptians
FLaqU9Lf39U	23 Minutes from Maps of Meaning: The Architecture of Belief
VIuX1pO70UA	An Animated Intro to Truth, Order and Chaos
xPIanlF6IwM	Compilation: The Death and Resurrection of Christ: A Commentary in Five Parts
xtf4FDlpPZ8	The Master and His Emissary: Conversation with Dr. Iain McGilchrist
Mff2I8Jzjl0	Heavens on Earth with skeptical Dr. Michael Shermer
B7V8eZ1BLiI	Lecture: Biblical Series XV: Joseph and the Coat of Many Colors
DRJKwDfDbco	Lecture: Biblical Series XIV: Jacob: Wrestling with God
VJMy_BWD3CI	Campus Indoctrination: The Parasitization of Myth
E5F4oOlAK8w	Intersectionality, individuality and the hero: a discussion with Jonathan Pageau
A9JtQN_GoVI	Lecture: Biblical Series XIII: Jacob's Ladder
RBl5PfA5HfU	Ayaan Hirsi Ali: Islam--Mecca vs Medina?
PY4sShDt9to	The Neuroscience of Intelligence: Dr. Richard Haier
-yUP40gwht0	Lecture: Biblical Series XII: The Great Sacrifice: Abraham and Isaac
SKzpj0Ev8Xs	Lecture: Biblical Series XI: Sodom and Gomorrah
3Y6bCqT85Pc	Lecture: Biblical Series X: Abraham: Father of Nations
GmuzUZTJ0GA	Lecture: Biblical Series IX: The Call to Abraham
UoQdp2prfmM	Lecture: Biblical Series VIII: The Phenomenology of the Divine
f3vqXCLhJLE	Lecture VIII Background: Abrahamic Stories, with Matthieu & Jonathan Pageau
6gFjB9FTN58	Lecture: Biblical Series VII: Walking with God: Noah and the Flood
wNjbasba-Qw	Lecture: Biblical Series VI: The Psychology of the Flood
44f3mxcsI50	Lecture: Biblical Series V: Cain and Abel: The Hostile Brothers
Ifi5KkXig3s	Lecture: Biblical Series IV: Adam and Eve: Self-Consciousness, Evil, and Death
J9j-bVDrGdI	2017 Personality 22: Conclusion: Psychology and Belief
R_GPAl_q2QQ	Lecture: Biblical Series III: God and the Hierarchy of Authority
Q7GKmznaqsQ	2017 Personality 21: Biology & Traits: Performance Prediction
hdrLQ7DpiWs	Lecture: Biblical Series II: Genesis 1: Chaos & Order
6V1eMvGGcXQ	2017 Maps of Meaning 12: Final: The Divinity of the Individual
f-wWBGo6a2w	Lecture: Biblical Series I: Introduction to the Idea of God
T4fjSrVCDvA	2017 Maps of Meaning 11: The Flood and the Tower
R2iAECU7QV8	12 Public Lectures: Psychological Significance of the Biblical Stories
-asltUUvcGU	Martin Daly: Evolutionary Psychology Pioneer
MBWyBdUYPgk	2017 Personality 20: Biology & Traits: Orderliness/Disgust/Conscientiousness
fjtBDa4aSGM	2017 Personality 19: Biology & Traits: Openness/Intelligence/Creativity II
7XtEZvLo-Sc	2017 Maps of Meaning 10: Genesis and the Buddha
D7Kn5p7TP_Y	2017 Personality 18: Biology & Traits: Openness/Intelligence/Creativity I
yXZSeiAl4PI	2017 Maps of Meaning 09: Patterns of Symbolic Representation
G1eHJ9DdoEA	2017 Personality 17:  Biology and Traits: Agreeableness
7K6sWYLpaVA	2017/03/27: Dr. Oren Amitay and the Ontario Psychological Association
KVo5hq64B2M	2017/03/07: The Resurrection of Logos
Nb5cBkbQpGY	2017 Maps of Meaning 08: Neuropsychology of Symbolic Representation
AqkFg1pvNDw	2017 Personality 15: Biology/Traits: The Limbic System
ewU7Vb9ToXg	2017 Personality 16: Biology/Traits: Incentive Reward/Neuroticism
pCceO_D4AlY	2017 Personality 14: Introduction to Traits/Psychometrics/The Big 5
w84uRYq0Uc8	2017 Personality 13: Existentialism via Solzhenitsyn and the Gulag
F3n5qtj89QE	2017 Maps of Meaning 07: Images of Story & Metastory
hJ4JEypNH2s	Dialogue: Great U Texas Austin Psych Prof JW Pennebaker
4qZ3EsrKPsc	2017 Personality 11: Existentialism: Nietzsche Dostoevsky & Kierkegaard
11oBFCNeTAs	2017 Personality 12: Heidegger, Binswanger, Boss (Phenomenology)
nsZ8XqHPjI4	2017 Maps of Meaning 06: Story and Metastory (Part 2)
RudKmwzDpNY	2017 Maps of Meaning 05: Story and Metastory (Part 1)
68tFnjkIZ1Q	2017 Personality 10: Humanism & Phenomenology: Carl Rogers
kYYJlNbV1OM	2017 Personality 01: Introduction
bV16NEWld8Q	2017 Maps of Meaning 04: Marionettes and Individuals (Part 3)
X6pbJTqv2hw	2017 Personality 08: Carl Jung and the Lion King (Part 2)
YFWLwYyrMRE	2017 Personality 09: Freud and the Dynamic Unconscious
HbAZ6cFxCeY	2017 Personality 02/03: Historical & Mythological Context
3iLiKMUiyTI	2017 Personality 07: Carl Jung and the Lion King (Part 1)
BQ4VSRg4e8w	2017 Personality 06: Jean Piaget & Constructivism
Us979jCjHu8	2017 Maps of Meaning 03: Marionettes and Individuals (Part 2)
wLc_MC7NQek	2017 Personality 04/05: Heroic and Shamanic Initiations
EN2lyN7rM4E	2017 Maps of Meaning 02: Marionettes & Individuals (Part 1)
ZmZK9W4V1Rc	An open letter to Sam Harris
I8Xc2_FtpHI	Lecture: 2017 Maps of Meaning 01: Context and Background
Ixc9i1G7eew	The Metaphysics of Pepe with Jonathan Pageau
e0b5mnuKQvs	2016/11/29: Tradition and Things That Don't Fit with Jonathan Pageau
5Q_GIHDpuZw	2016 Lecture 06 Maps of Meaning: Part II: The Primordial Narrative continued
AdAdf4watJQ	2016 Lecture 14 Maps of Meaning: Final
0BpUHDO4a_o	2016 Personality Lecture 15: Final
F7T5cg1a77A	2016 Lecture 10 Maps of Meaning: Gautama Buddha, Adam and Eve
q15eTySnWxc	2016 Personality Lecture 13: Conscientiousness: Industriousness and Orderliness
qRFxulvRC7I	2016 Personality Lecture 14: Openness and Intelligence
Gacjj2aCo7Q	2016 Lecture 09 Maps of Meaning: Genesis
nbzAynn80SU	2016 Personality Lecture 12:  Gender Differences: Agreeableness and other traits: the Science
cz2KRFzLQ1M	2016 Lecture 06 Part II:  Maps of Meaning: An example of primordial narrative
f511uRzsHhQ	2016 Personality Lecture 10: The Psychobiology of Traits
PcYLzW1B6cY	2016 Lecture 08 Maps of Meaning: Part I: Hierarchies and chaos
RNxlEQSvh_w	2016 Personality Lecture 11: The Psychobiology of Traits, Continued
sta4zLcTAII	2016 Lecture 07 Maps of Meaning: Part II: Osiris, Set, Isis and Horus
HueFqvz1oDU	2016 Lecture 07 Maps of Meaning: Part I: Osiris, Set, Isis and Horus
539UQF6eT6I	2016 Personality Lecture 09: Phenomenology: Heidegger, Binswanger, Boss
WjpV9mja3Wc	2016 Personality Lecture 08: Existentialism: Nietzsche, Dostoevsky and Social Hierarchy
mJI0hVV-5Vs	2016 Lecture 06 Maps of Meaning: Part I: The primordial narrative
3uJkd54p9dY	2016 Personality Lecture 07: Phenomenology and Carl Rogers
cFS6fPLQ024	2016 Lecture 05 Maps of Meaning: Part II: The brain, continued
ZHmklvx9oJ4	2016 Lecture 05: Maps of Meaning: Part I: Anomaly and the brain
BSh37_x5RNY	2016 Personality Lecture 06: Freud: An Overview
DjYqkPrCvXQ	2016 Lecture 04 Maps of Meaning: Anomaly
ux6TVYqdN-E	2016 Lecture 03 Maps of Meaning: Part I: The basic story and its transformations
DmpUQEDRIKA	2016 Lecture 03 Maps of Meaning: Part II: The basic story -- and its transformations
IO6NvcGKZ20	2016 Personality Lecture 05: Piaget, Segueing into Jung
REjUkEj1O_0	Slaying the Dragon Within Us
DtiRzQMgBDM	Psychology of Redemption in Christianity
G3fWuMQ5K8I	2016 Personality Lecture 04: Piaget Constructivism
RcmWssTLFv0	2016 Lecture 02 Maps of Meaning: Playable and non-playable games
PH67HpFD2Ew	2016 Personality Lecture 03: Mythological Elements of the Life Story -- and Initiation
ajtnhtEg76k	2016 Personality Lecture 02: Introduction and Overview (Part 2)
bjnvtRgpg6g	2016 Lecture 01 Maps of Meaning: Introduction and Overview
UGLsnu5RLe8	2016 Personality Lecture 01: Introduction and Overview (Part 1)
HeUjYzyh5v8	Music and the Patterns of Mind and World
0v3x0ev1URY	2015 Personality Lecture 22: Conclusion - Psychology and Belief
G7U9el_yVhI	2015 Maps of Meaning 11: Conclusion - The Hero / Part 2 (Jordan Peterson)
Q_2UYIuvDXI	2015 Maps of Meaning 11: Genesis II / Part 1 (Jordan Peterson)
5p5YEvi8CHQ	2015 Personality Lecture 21: Performance Prediction
35e5i6FQuMw	2015 Personality Lecture 20: Conscientiousness - Industriousness, Orderliness & Disgust
jIDqaCjpjD8	A History of Violence: CBC Ideas
P6rm0LrO9vU	2015 Personality Lecture 18: Openness - Creativity & Intelligence
sJVtAIIHxu0	2015 Maps of Meaning 10: Genesis I / Part 2 (Jordan Peterson)
Bj6HgQBNiZE	2015 Maps of Meaning 10: Culture & Anomaly / Part 1 (Jordan Peterson)
UgRaLmCOwYU	2015 Personality Lecture 17: Agreeableness - Aggression & Empathy
tIZb0YEcyNo	2015 Maps of Meaning 09b: Mythology: The Great Father / Part 2 (Jordan Peterson)
134BCxbMUlU	2015 Maps of Meaning 09a: Mythology: The Great Father / Part 1 (Jordan Peterson)
vt90JwDHh-Y	2015 Personality Lecture 16: Conscientiousness I - Industriousness & Disgust
RdNJTP6tYMs	2015 Personality Lecture 15: Biology & Traits: Limbic System & Lower Order Goals
w1scgquS2mo	2015 Maps of Meaning 08b: Mythology: The Great Mother / Part 2 (Jordan Peterson)
NOzjfqO6-K8	2015 Maps of Meaning 08a: Mythology: The Great Mother / Part 1 (Jordan Peterson)
wZnqLvLbLV0	2015 Personality Lecture 14:  Existentialism: Solzhenitsyn / Intro to Biology & Psychometrics
XY7a1RXMbHI	Lecture: 2015 Personality Lecture 13: Existentialism: Nazi Germany and the USSR
rnw4SXX7cGY	2015 Maps of Meaning 07b: Mythology: Chaos / Part 2 (Jordan Peterson)
44dcUoh0oT4	2015 Maps of Meaning 07a: Mythology: Chaos / Part 1 (Jordan Peterson)
SsoVhKo4UvQ	2015 Personality Lecture 12: Existentialism: Dostoevsky, Nietzsche, Kierkegaard
pzhsiOwZabM	013 Maps of Meaning: 13 The Force Within (TVO)
xrbPaCIm4yw	003 Maps of Meaning: 3 Becoming Like Gods (TVO)
dl0_mJrbPLQ	006 Maps of Meaning: 6 Submitting to Order (TVO)
0EWelXuo2JM	007 Maps of Meaning: 7 Contemplating Genesis (TVO)
0qz1ZKR4hkE	008 Maps of Meaning: 8 Dwelling on Paradise (TVO)
yOP4a7-EJPU	009 Maps of Meaning: 9 Becoming a Self (TVO)
w2pNqIdY_T0	010 Maps of Meaning: 10 Figuring Evil (TVO)
KtgThjIl1Ao	011 Maps of Meaning: 11 Losing Religion (TVO)
zFu9nNPMiUk	012 Maps of Meaning: 12 Truths that Matter (TVO)
knEZN9U-9xc	001 Maps of Meaning: 1 Monsters of Our Own Making (TVO)
lT8TeVvBkgA	002 Maps of Meaning: 2 Contending with Chaos (TVO)
GOcNihk09YM	004 Maps of Meaning: 4 Games People Must Play (TVO)
L9bxcm7hVLU	005 Maps of Meaning: 5 Grappling with Fear (TVO)
V9Ql5V7-OQo	2015 Personality Lecture 10: Humanism: Carl Rogers
aI-pET9YD6A	2015 Maps of Meaning 06b: Mythology: Egyptian Myths / Part 2 (Jordan Peterson)
r_ShAseOvNE	2015 Maps of Meaning 06a: Mythology: Introduction / Part 1 (Jordan Peterson)
VJVMtUb-LEY	2015 Maps of Meaning 05b: Mythology: Enuma Elish / Part 2 (Jordan Peterson)
Ov5pYNPi358	2015 Maps of Meaning 05b: Narrative, Neuropsychology & Mythology III / Part 1 (Jordan Peterson)
A07DV3FXyPo	2015 Personality Lecture 09: Depth Psychology: Sigmund Freud (Part 02)
9Zji6xMkOgo	2015 Personality Lecture 08: Depth Psychology: Sigmund Freud (Part 1)
YCc-Rk1GPpQ	2015 Maps of Meaning 04b: Narrative, Neuropsychology & Mythology II / Part 2 (Jordan Peterson)
rlGqUfIgJfc	2015 Maps of Meaning 04a: Narrative, Neuropsychology & Mythology II / Part 1 (Jordan Peterson)
CFHZyse4VGw	2015 Personality Lecture 07: Depth Psychology: Carl Jung (Part 02)
DC0faZiBcG0	Lecture: 2015 Personality Lecture 06: Depth Psychology: Carl Jung (Part 01)
3nAIAPYuD7c	2015 Maps of Meaning Lecture 03b: Narrative, Neuropsychology & Mythology I (Part 2)
6NVY5KdSfQI	2015 Maps of Meaning Lecture 03a: Narrative, Neuropsychology & Mythology I (Part 1)
ED_TfmwjsEw	2015 Personality Lecture 05: Constructivism: Jean Piaget
UFAyBEKKIBE	2015 Personality Lecture 04: Heroic & Shamanic Initiations II: Mircea Eliade
6Rd10PQVsGs	2015 Maps of Meaning Lecture 02b: Object and Meaning (Part 2)
mO9LUWs5M60	2015 Maps of Meaning Lecture 02a: Object and Meaning (Part 1)
t966lVrHEzo	2015 Personality Lecture 03: Historical Perspectives - Heroic & Shamanic Initiations I Mircea Eliade
9fKZPRAPT1w	2015 Personality Lecture 02: Historical Perspectives - Mythological Representations
ZKpqpBRVr8Y	2015 Personality Lecture 01: Introduction & Overview
rM8JsibkrI8	2015 Maps of Meaning Lecture 1: Introduction (Part 2)
4tQOlQRp3gQ	2015 Maps of Meaning Lecture 01a: Introduction (Part 1)
nqONu6wDYaE	Dragons, Divine Parents, Heroes and Adversaries: A complete cosmology of being
qalR6Vx3Bpw	2014 Personality Lecture 22: Psychology & Belief (Conclusion)
hzMWpfHNYf0	2014 Personality Lecture 21: Performance Prediction (Biology & Traits)
qH9-xsuPiUk	2014 Personality Lecture 20: Conscientiousness (Biology & Traits)
yOJR-nEhNMk	2014 Personality Lecture 17: Agreeableness and gender differences
dYTAv7eQ-vg	2014 Personality Lecture 16:  Extraversion & Neuroticism (Biology & Traits)
_Jh8w6IVFs8	2014 Personality Lecture 15: Limbic System & Goals (Biology and Traits)
Om0YPe8c66Y	2014 Personality Lecture 14: Psychometrics (Biology and Traits)
8u3aTURVEC8	2014 Personality Lecture 13: Aleksandr Solzhenitsyn (Existentialism)
UzdpzuEkL74	2014 Personality Lecture  12: Binswanger & Boss (Phenomenology)
zooE5GE81TU	2014 Personality Lecture 11: Existentialism:  Viktor Frankl
NUfvht7aJPQ	2014 Personality Lecture 10: Carl Rogers (Phenomenological Humanism)
16WF1jLLyik	2014 Personality Lecture 09: Sigmund Freud II (Depth Psychology)
8r8ISkQ4exM	2014 Personality Lecture  06: Carl Jung (Part 1)
91jWsB7ZYHw	2014 Personality Lecture 05: Jean Piaget (Constructivism)
F9393El2Z1I	2014 Personality Lecture 04: Heroic & Shamanic Initiations (Part 02)
_0xBOMWJkgM	2014 Personality Lecture 01: Introduction and Overview
iEZVWWk6qHg	2014 Personality Lecture 03: Heroic & Shamanic Initiations (Part 01)
Owgc63KhcL8	2014 Personality Lecture 02: Mythological Representations
AYhAz9k008Q	Jordan Peterson: Psychology as a Career
WFMy8uGJLQA	Maps of Meaning 5 (Harvard Lectures) [Edited]
2c3m0tt5KcE	Reality and the Sacred | TVOntario | #1
idKO1h-AxwU	Maps of Meaning 13 (Harvard Lectures)
6TVibdokSM8	Maps of Meaning 12 (Harvard Lectures)
1wIUXfQ9Hoo	Maps of Meaning 11 (Harvard Lectures)
G_5_wSDKMGg	Maps of Meaning 10 (Harvard Lectures)
59p7ASzfVVw	Maps of Meaning 09 (Harvard Lectures)
dUR0Rvf8F6U	Maps of Meaning 08 (Harvard Lectures)
DKJb8PUfcr8	Maps of Meaning 07 (Harvard Lectures)
MFmgMHswH-M	Maps of Meaning 06 (Harvard Lectures)
k2uEllI48-c	Maps of Meaning 04 (Harvard Lectures)
E8snndiBY80	Maps of Meaning 03 (Harvard Lectures)
UdJBqCI4dpU	Maps of Meaning 02 (Harvard Lectures)
v3Bu7oCB8_k	Maps of Meaning 01 (Harvard Lectures)
dqDP62mYc3I	Extended Interview on Maps of Meaning
MLp7vWB0TeY	Tragedy vs Evil
