FFxFoHeOQx4	Autodesenvolvimento, Sentido & Vida
ErVu7ArBMzw	Anúncios, Tour & Institucional
yuc807SP_gA	Anúncios, Tour & Institucional
4G0Sh-bw6Gw	Podcast — Entrevistas & Convidados (The JBP Podcast)
Po-NHC2ehlo	Cultura, Política & Ideologia
YZB8CS-5EvA	Personalidade & Psicologia
obQmX3oUv6w	Maps of Meaning, Mito & Arquétipos
oSJ9gQRZ6vc	Cultura, Política & Ideologia
vyR9-k-4w3Y	Cultura, Política & Ideologia
1nyVHWu7N2Y	Personalidade & Psicologia
HWuZsNAX8hk	Cultura, Política & Ideologia
iRDeJbPvnLw	Cultura, Política & Ideologia
EVhL583UBWw	Cultura, Política & Ideologia
bFAbNRDA23s	Personalidade & Psicologia
5F9rZQtiZfY	Cultura, Política & Ideologia
08opOTaiWvY	Cultura, Política & Ideologia
wKFEnmTWKkQ	Cultura, Política & Ideologia
G8nRXF6ZVdU	Cultura, Política & Ideologia
SWhiO0B5Hss	Cultura, Política & Ideologia
aC5rFYXkP_0	Podcast — Entrevistas & Convidados (The JBP Podcast)
ZcdSVbq9vTU	Cultura, Política & Ideologia
zM3zsyzSnxo	Podcast — Entrevistas & Convidados (The JBP Podcast)
piRGUCbmTH4	Cultura, Política & Ideologia
MLCRjWdV41g	Autodesenvolvimento, Sentido & Vida
-otMiEnp6iI	Cultura, Política & Ideologia
moCKNNenVDE	Podcast — Entrevistas & Convidados (The JBP Podcast)
TiYvIgpvbVU	Anúncios, Tour & Institucional
YSvH9SQ47Xc	Podcast — Entrevistas & Convidados (The JBP Podcast)
pk5EpagxMoc	Cultura, Política & Ideologia
9MsgImiQIc4	Série Bíblica, Deus & Religião
SlS7pRyhXNU	Cultura, Política & Ideologia
aRTpoIDFXuc	Série Bíblica, Deus & Religião
aqa7n2Aq-Bs	Cultura, Política & Ideologia
2pUOCZSjzv4	Série Bíblica, Deus & Religião
PpjrUzfkfSo	Série Bíblica, Deus & Religião
sQDwKUGLN-o	Cultura, Política & Ideologia
Vn2AVjYWAaA	Cultura, Política & Ideologia
iP-TgQ75Zxg	Cultura, Política & Ideologia
f3dedXKAO1E	Cultura, Política & Ideologia
Kr3_dE8H5xs	Autodesenvolvimento, Sentido & Vida
0KnLb0aSJQE	Cultura, Política & Ideologia
S_n8VC1k05I	Cultura, Política & Ideologia
qXYlopLahzQ	Cultura, Política & Ideologia
pyxVCWfKdMg	Personalidade & Psicologia
IDtclumznPg	Podcast — Entrevistas & Convidados (The JBP Podcast)
APmg8ZdGEXM	Cultura, Política & Ideologia
272Aex6o5Mo	Podcast — Entrevistas & Convidados (The JBP Podcast)
8fLwtgNM-ac	Série Bíblica, Deus & Religião
ufSBpCpVKWA	Cultura, Política & Ideologia
kFCNwIWxR6Y	Cultura, Política & Ideologia
KmVbZ062Dxo	Personalidade & Psicologia
-cln1whltnc	Cultura, Política & Ideologia
kksbu6MDEV8	Cultura, Política & Ideologia
7JBcp0tJJrs	Cultura, Política & Ideologia
gFp2AZBx8hE	Série Bíblica, Deus & Religião
s1cXGYAGeso	Série Bíblica, Deus & Religião
lL2scxOtuzk	Anúncios, Tour & Institucional
e-OG8unU2TI	Cultura, Política & Ideologia
w3NOoj373hA	Personalidade & Psicologia
HVi3aeGDOFE	Podcast — Entrevistas & Convidados (The JBP Podcast)
x3TDCFNmd-Q	Personalidade & Psicologia
USIdC541i0k	Podcast — Entrevistas & Convidados (The JBP Podcast)
b1saNKPWGQA	Cultura, Política & Ideologia
nRPGgzrttFs	Cultura, Política & Ideologia
Ayz4OqLPnuQ	Podcast — Entrevistas & Convidados (The JBP Podcast)
k7JTxHwrj84	Personalidade & Psicologia
vKbAPVz__8s	Série Bíblica, Deus & Religião
A_V-qRS3QiI	Cultura, Política & Ideologia
OrOJB7zGIU4	Maps of Meaning, Mito & Arquétipos
S0nd9hWvVHE	Cultura, Política & Ideologia
kxIiPAhY2bI	Cultura, Política & Ideologia
7yuHM790ZqU	Cultura, Política & Ideologia
9HkEQCShfLA	Personalidade & Psicologia
LNU5OfW2Mwc	Cultura, Política & Ideologia
3W0yTID9Yec	Cultura, Política & Ideologia
EUeKAglNcf8	Cultura, Política & Ideologia
yZVlKBRWI70	Cultura, Política & Ideologia
lCwWsIa9USw	Cultura, Política & Ideologia
ans8uqay3cM	Cultura, Política & Ideologia
ae8vVURajNE	Cultura, Política & Ideologia
cBU3oVUIfS0	Cultura, Política & Ideologia
OaY7EwQ2ts4	Cultura, Política & Ideologia
yhF-QFK8mCw	Cultura, Política & Ideologia
CT46qY91r8Y	Cultura, Política & Ideologia
MaDeQIW11FM	Série Bíblica, Deus & Religião
kF5WHSNk-MA	Série Bíblica, Deus & Religião
cSyEV0YIaXQ	Série Bíblica, Deus & Religião
VRwyEqOJAIc	Cultura, Política & Ideologia
2-nUmJDgguY	Cultura, Política & Ideologia
W_9W0CAH0HE	Cultura, Política & Ideologia
97R3z2ofuYk	Cultura, Política & Ideologia
U1s8ujFWigo	Cultura, Política & Ideologia
iTHuvyHpMNs	Cultura, Política & Ideologia
-5DW98jJaKc	Série Bíblica, Deus & Religião
9EfpVmxyrGc	Cultura, Política & Ideologia
hVzixgFh_a8	Cultura, Política & Ideologia
vvnu0jmbhvA	Cultura, Política & Ideologia
apJWPO_qYNo	Podcast — Entrevistas & Convidados (The JBP Podcast)
aqwtFquM3Ng	Cultura, Política & Ideologia
-_3r0_0BoFY	Cultura, Política & Ideologia
al0yjeXj8d4	Cultura, Política & Ideologia
tcw8tQhQLd4	Podcast — Entrevistas & Convidados (The JBP Podcast)
K_zgRzQoDUs	Podcast — Entrevistas & Convidados (The JBP Podcast)
TW5L3homvO4	Cultura, Política & Ideologia
-Xl7T0x7LV0	Personalidade & Psicologia
jqGfrqd0Y2I	Cultura, Política & Ideologia
rlItMr2L-N4	Cultura, Política & Ideologia
by87BU6lZcM	Cultura, Política & Ideologia
7InNdewQwwc	Autodesenvolvimento, Sentido & Vida
N-znoWvOum8	Cultura, Política & Ideologia
OtyeXB2LuSQ	Cultura, Política & Ideologia
gk8ftgR9jK4	Cultura, Política & Ideologia
EyLJJLXJueA	Cultura, Política & Ideologia
PqFBslf0lkY	Podcast — Entrevistas & Convidados (The JBP Podcast)
9RBCHjP-X_E	Personalidade & Psicologia
R2f13GzlGnc	Série Bíblica, Deus & Religião
4I2cTjiQm20	Série Bíblica, Deus & Religião
aGZTnRGe_qc	Autodesenvolvimento, Sentido & Vida
L-zhpPG4qjs	Autodesenvolvimento, Sentido & Vida
CX0PggXjWQo	Autodesenvolvimento, Sentido & Vida
FfX1a4sIPyU	Série Bíblica, Deus & Religião
fR0-V8az4-0	Autodesenvolvimento, Sentido & Vida
4wjpeqbfAcU	Podcast — Entrevistas & Convidados (The JBP Podcast)
cmSC1eSzpkM	Anúncios, Tour & Institucional
96UgJJGqt7A	Cultura, Política & Ideologia
vukUbsdYkIU	Personalidade & Psicologia
5Spwtc77FvE	Cultura, Política & Ideologia
-NrVdM8X7jA	Cultura, Política & Ideologia
ONGhezxScmw	Podcast — Entrevistas & Convidados (The JBP Podcast)
UirQmnGRo7Y	Cultura, Política & Ideologia
OJytoEO-aj4	Cultura, Política & Ideologia
ZJJupdyA7n8	Cultura, Política & Ideologia
ZNIC-GZzj48	Autodesenvolvimento, Sentido & Vida
zQdOAHS0TTc	Cultura, Política & Ideologia
QUhNb6TtByU	Cultura, Política & Ideologia
BNWj6iQOGK4	Maps of Meaning, Mito & Arquétipos
e1fMWlQ_uk4	Cultura, Política & Ideologia
CSElOjql19Y	Cultura, Política & Ideologia
rdKsO3NFv8s	Cultura, Política & Ideologia
SgxOEFD7-rc	Cultura, Política & Ideologia
eftb29d_sew	Cultura, Política & Ideologia
v_o8goN6FOA	Cultura, Política & Ideologia
BxJ0hO0kxPE	Podcast — Entrevistas & Convidados (The JBP Podcast)
5umJbXekS8k	Podcast — Entrevistas & Convidados (The JBP Podcast)
L_cjujecPsE	Anúncios, Tour & Institucional
88_TPQL6rJY	Cultura, Política & Ideologia
9ByjCwumwBM	Maps of Meaning, Mito & Arquétipos
NIMLW2RundY	Cultura, Política & Ideologia
tF5spyudTYA	Cultura, Política & Ideologia
RsT8RTa0q5c	Cultura, Política & Ideologia
XHIhtWPpDVI	Anúncios, Tour & Institucional
Q5a81_JNaok	Cultura, Política & Ideologia
h2yHGcmhbEk	Cultura, Política & Ideologia
_5os9bT9zuo	Cultura, Política & Ideologia
SH63RABGK6w	Cultura, Política & Ideologia
Z9SD2TgiZTU	Cultura, Política & Ideologia
--QS_UyW2SY	Cultura, Política & Ideologia
vIt9SgruM9s	Cultura, Política & Ideologia
pPAzLSF7wHY	Série Bíblica, Deus & Religião
56jb4YME3n4	Cultura, Política & Ideologia
qTk7uEO3QCQ	Anúncios, Tour & Institucional
Yg0qlnh5I38	Cultura, Política & Ideologia
UYfKWQqvFac	Cultura, Política & Ideologia
hYWp0zw-qFA	Maps of Meaning, Mito & Arquétipos
T75gbpezxQE	Anúncios, Tour & Institucional
ayWyzvo9SNY	Cultura, Política & Ideologia
g7KI3TO_8-w	Autodesenvolvimento, Sentido & Vida
mtS5mR0eDfo	Cultura, Política & Ideologia
yDbmla7DKOk	Autodesenvolvimento, Sentido & Vida
g2IiNd9c1OY	Cultura, Política & Ideologia
VcHMKAklPPM	Cultura, Política & Ideologia
k8NjtQAUIkM	Cultura, Política & Ideologia
0DjZjcWmeUY	Podcast — Entrevistas & Convidados (The JBP Podcast)
TSBOBJsdEuY	Podcast — Entrevistas & Convidados (The JBP Podcast)
tWNPFydBOKg	Cultura, Política & Ideologia
0O7PpMh9ZmY	Cultura, Política & Ideologia
zRe0r4mWlBk	Cultura, Política & Ideologia
iwQy-MVP4u0	Cultura, Política & Ideologia
YDElXTPm3VQ	Cultura, Política & Ideologia
P8tzXazvyHQ	Cultura, Política & Ideologia
oq2rBE5zwAs	Cultura, Política & Ideologia
xu3ux1h_caU	Autodesenvolvimento, Sentido & Vida
KZ-ArH19Kvs	Cultura, Política & Ideologia
hC2zy3mM6BM	Anúncios, Tour & Institucional
pEWEEZ8rp24	Personalidade & Psicologia
hJrEaLYacwc	Autodesenvolvimento, Sentido & Vida
NrEOo1AZGso	Podcast — Entrevistas & Convidados (The JBP Podcast)
n_0LeJWdbi4	Cultura, Política & Ideologia
qGgEF-SlSEU	Podcast — Entrevistas & Convidados (The JBP Podcast)
Su1FQUkMojU	Personalidade & Psicologia
SAI1HXS9NwQ	Personalidade & Psicologia
xiAqO5sJZpA	Autodesenvolvimento, Sentido & Vida
Fd2wKn6-X_A	Podcast — Entrevistas & Convidados (The JBP Podcast)
aupL1wXVbGA	Autodesenvolvimento, Sentido & Vida
1uicRKhgzAQ	Autodesenvolvimento, Sentido & Vida
iNV7pF8m5Uw	Anúncios, Tour & Institucional
m1dV_NjjqJQ	Anúncios, Tour & Institucional
v0lOv-s7Yh4	Autodesenvolvimento, Sentido & Vida
W3dlne7vHBo	Podcast — Entrevistas & Convidados (The JBP Podcast)
CpnyfynpVVo	Podcast — Entrevistas & Convidados (The JBP Podcast)
6_6zwVNn88o	Anúncios, Tour & Institucional
GzRbEMzr0k8	Anúncios, Tour & Institucional
S0P6H7cm0E4	Podcast — Entrevistas & Convidados (The JBP Podcast)
XiEczFBS61s	Palestras, Conferências & Discursos
48ewiClu9Ho	Palestras, Conferências & Discursos
pBylbB7s5Nw	Podcast — Entrevistas & Convidados (The JBP Podcast)
5vckndTeiLc	Palestras, Conferências & Discursos
cXllaoNQmZY	Série Bíblica, Deus & Religião
dLfBWM0L3Vo	Podcast — Entrevistas & Convidados (The JBP Podcast)
FHpvI8oGsuQ	Podcast — Entrevistas & Convidados (The JBP Podcast)
Zi9BZUBDV9U	Palestras, Conferências & Discursos
pSB7EL8VTmU	Anúncios, Tour & Institucional
RUo6Xz9asgw	Maps of Meaning, Mito & Arquétipos
o2bFzK2EdIo	Podcast — Entrevistas & Convidados (The JBP Podcast)
TVYDdZWUWlE	Podcast — Entrevistas & Convidados (The JBP Podcast)
_xjP4fMwdLY	Anúncios, Tour & Institucional
LdtwgbHBTLs	Palestras, Conferências & Discursos
nlgG8C1GydA	Cultura, Política & Ideologia
4XMdT2cF-ZM	Cultura, Política & Ideologia
WrZDcEix7uk	Anúncios, Tour & Institucional
xWhuQOVTFGw	Cultura, Política & Ideologia
SYnCaCQe-sI	Cultura, Política & Ideologia
h8_OrrvaVVw	Anúncios, Tour & Institucional
ZwGDnSWmqhM	Autodesenvolvimento, Sentido & Vida
hKUffHXOb8U	Podcast — Entrevistas & Convidados (The JBP Podcast)
GWz1RDVoqw4	Anúncios, Tour & Institucional
XvbtKAYdcZY	Série Bíblica, Deus & Religião
FUXcg9GWIIM	Cultura, Política & Ideologia
2eIpi0rpVf8	Cultura, Política & Ideologia
XJwEBizQgYI	Cultura, Política & Ideologia
51IciCvDgBo	Autodesenvolvimento, Sentido & Vida
bf9jBtA_LhA	Cultura, Política & Ideologia
eqCNTopdBBs	Cultura, Política & Ideologia
YfdaAGZvYsA	Palestras, Conferências & Discursos
ZZI-FwSQRn8	Palestras, Conferências & Discursos
BtkwF5qA6uE	Palestras, Conferências & Discursos
d-Z9EZE8kpo	Palestras, Conferências & Discursos
fBS537dKE9Q	Podcast — Entrevistas & Convidados (The JBP Podcast)
nj9NEKisvB4	Cultura, Política & Ideologia
t-lWMEZC_Uw	Podcast — Entrevistas & Convidados (The JBP Podcast)
JyONgwyKEGA	Podcast — Entrevistas & Convidados (The JBP Podcast)
6LLqWGn7e_k	Série Bíblica, Deus & Religião
PkNv4LFpGf4	Cultura, Política & Ideologia
PLrV1G1ENlA	Podcast — Entrevistas & Convidados (The JBP Podcast)
7kUuURByaXc	Podcast — Entrevistas & Convidados (The JBP Podcast)
VIuX1pO70UA	Maps of Meaning, Mito & Arquétipos
v5O_FLUWYmg	Cultura, Política & Ideologia
U4NijLf3M-A	Podcast — Entrevistas & Convidados (The JBP Podcast)
OUs72-WqmwI	Podcast — Entrevistas & Convidados (The JBP Podcast)
64MlP8mbJPo	Podcast — Entrevistas & Convidados (The JBP Podcast)
B74WowudoFg	Podcast — Entrevistas & Convidados (The JBP Podcast)
xtf4FDlpPZ8	Personalidade & Psicologia
zQCTeGKHsVc	Anúncios, Tour & Institucional
wVbh1E2ICak	Anúncios, Tour & Institucional
oRh9bqvmjS0	Podcast — Entrevistas & Convidados (The JBP Podcast)
Mff2I8Jzjl0	Série Bíblica, Deus & Religião
P2cAmxV5OoY	Anúncios, Tour & Institucional
YWVmDSMl30s	Cultura, Política & Ideologia
q14VhGQIUxg	Podcast — Entrevistas & Convidados (The JBP Podcast)
vhlL7IjaZNI	Podcast — Entrevistas & Convidados (The JBP Podcast)
FS5sR1WytNQ	Cultura, Política & Ideologia
RBl5PfA5HfU	Série Bíblica, Deus & Religião
YGC3y1BPzwA	Cultura, Política & Ideologia
4IdzC6mJzLA	Anúncios, Tour & Institucional
v-hIVnmUdXM	Podcast — Entrevistas & Convidados (The JBP Podcast)
SEDuVF7kiPU	Cultura, Política & Ideologia
agU-mHFcXdw	Cultura, Política & Ideologia
Nyw4rTywyY0	Cultura, Política & Ideologia
KnIAAkSNtqo	Cultura, Política & Ideologia
D9bS7BCKRk8	Anúncios, Tour & Institucional
k-dYktgmNUg	Palestras, Conferências & Discursos
VMMYFx47MPw	Podcast — Entrevistas & Convidados (The JBP Podcast)
hJ4JEypNH2s	Personalidade & Psicologia
8ABa4RdNPxU	Cultura, Política & Ideologia
i5qeouQwb1w	Podcast — Entrevistas & Convidados (The JBP Podcast)
wKOnJsxwTbI	Podcast — Entrevistas & Convidados (The JBP Podcast)
1VwpwP_fIqY	Cultura, Política & Ideologia
ZmZK9W4V1Rc	Série Bíblica, Deus & Religião
5pH-QZG9OpQ	Anúncios, Tour & Institucional
YnEFt20qe0o	Anúncios, Tour & Institucional
mbAKQrClN8A	Cultura, Política & Ideologia
W2u62u4entc	Cultura, Política & Ideologia
2fUY046brGM	Palestras, Conferências & Discursos
MCOw0eJ84d8	Palestras, Conferências & Discursos
vjDdFXwITXo	Palestras, Conferências & Discursos
OunyV_HgGBc	Autodesenvolvimento, Sentido & Vida
0j1XQoAwG2I	Palestras, Conferências & Discursos
HeUjYzyh5v8	Maps of Meaning, Mito & Arquétipos
qa9u5t3C0AI	Anúncios, Tour & Institucional
jIDqaCjpjD8	Personalidade & Psicologia
N6KQpw945GY	Autodesenvolvimento, Sentido & Vida
IrtEH5BYpmE	Podcast — Entrevistas & Convidados (The JBP Podcast)
wE29TM_YtR0	Podcast — Entrevistas & Convidados (The JBP Podcast)
_SFnC78K6QE	Podcast — Entrevistas & Convidados (The JBP Podcast)
MLp7vWB0TeY	Personalidade & Psicologia
A5216ZJVbVs	Autodesenvolvimento, Sentido & Vida
