uOn4LW67Eak	https://www.youtube.com/watch?v=uOn4LW67Eak	Standing Shoulder to Shoulder with Sinners — Bishop Barron’s Sunday Sermon
6FXGJNBqilI	https://www.youtube.com/watch?v=6FXGJNBqilI	You Can’t Go Back to the Way Things Were — Bishop Barron’s Sunday Sermon
zG7HjXzPy2U	https://www.youtube.com/watch?v=zG7HjXzPy2U	Does God Keep His Promises? — Bishop Barron’s Sunday Sermon
CzAAZbdvteg	https://www.youtube.com/watch?v=CzAAZbdvteg	Joy for the Brokenhearted — Bishop Barron’s Sunday Sermon
kyGMaI629kI	https://www.youtube.com/watch?v=kyGMaI629kI	It’s Time to Come Home — Bishop Barron’s Sunday Sermon
erjmVZApLW0	https://www.youtube.com/watch?v=erjmVZApLW0	Naming What We All Know — Bishop Barron’s Sunday Sermon
Ij0w6n62auE	https://www.youtube.com/watch?v=Ij0w6n62auE	The One True King — Bishop Barron’s Sunday Sermon
Ft5lHloetCE	https://www.youtube.com/watch?v=Ft5lHloetCE	The Enemy of Melancholy — Bishop Barron’s Sunday Sermon
V9vi24rHWGI	https://www.youtube.com/watch?v=V9vi24rHWGI	You Must Rethink Your Spiritual Life — Bishop Barron’s Sunday Sermon
IGkeOsCpN9g	https://www.youtube.com/watch?v=IGkeOsCpN9g	Your Life is Not About You — Bishop Barron’s Sunday Sermon
Kj8vjLUvIlc	https://www.youtube.com/watch?v=Kj8vjLUvIlc	God’s Rules for Life — Bishop Barron’s Sunday Sermon
tC68zDPgZTg	https://www.youtube.com/watch?v=tC68zDPgZTg	Does It Matter What You Believe? — Bishop Barron’s Sunday Sermon
tXW5PRYosms	https://www.youtube.com/watch?v=tXW5PRYosms	Bishop Barron's Advent 2020 Gospel Reflections Book
SQW1VNUnXVk	https://www.youtube.com/watch?v=SQW1VNUnXVk	The Divine Plan for Peace — Bishop Barron’s Sunday Sermon
I7TWWFWHEbE	https://www.youtube.com/watch?v=I7TWWFWHEbE	The Key to Human Flourishing — Bishop Barron’s Sunday Sermon
lEVC769t4gQ	https://www.youtube.com/watch?v=lEVC769t4gQ	Becoming a Brick Wall of Integrity — Bishop Barron’s Sunday Sermon
3-S_gOsm7CE	https://www.youtube.com/watch?v=3-S_gOsm7CE	Why Does God Allow Suffering? — Bishop Barron’s Sunday Sermon
RvzkgSzrjfw	https://www.youtube.com/watch?v=RvzkgSzrjfw	How to Heal a Broken Relationship — Bishop Barron’s Sunday Sermon
hLlAzzoQ7IM	https://www.youtube.com/watch?v=hLlAzzoQ7IM	Words Should Not Be Weapons — Bishop Barron’s Sunday Sermon
6dmL48CUdWg	https://www.youtube.com/watch?v=6dmL48CUdWg	How to Lose Your Soul (And How to Save It) — Bishop Barron’s Sunday Sermon
UraNrn5gbEg	https://www.youtube.com/watch?v=UraNrn5gbEg	Bishop Barron's Homily on St. Junípero Serra
OYBjxjvt6yU	https://www.youtube.com/watch?v=OYBjxjvt6yU	Mighty Ones, Look Upon Your Works and Despair — Bishop Barron’s Sunday Sermon
czM4FZjxwcQ	https://www.youtube.com/watch?v=czM4FZjxwcQ	Why God Chose You — Bishop Barron’s Sunday Sermon
O0Q7u75C_gk	https://www.youtube.com/watch?v=O0Q7u75C_gk	The Worst of Religion, the Best of Religion — Bishop Barron’s Sunday Sermon
MkIzVIL84c8	https://www.youtube.com/watch?v=MkIzVIL84c8	God’s Gift for You — Bishop Barron’s Sunday Sermon
n56qfPMBRVA	https://www.youtube.com/watch?v=n56qfPMBRVA	What Do You Want God to Do for You? – Bishop Barron's Sunday Sermon
E2ilaI0q1a8	https://www.youtube.com/watch?v=E2ilaI0q1a8	Those Who are Just Must be Kind — Bishop Barron’s Sunday Sermon
Y1hGyer1Cmo	https://www.youtube.com/watch?v=Y1hGyer1Cmo	When God Speaks — Bishop Barron’s Sunday Sermon
PwOgRYwzSQY	https://www.youtube.com/watch?v=PwOgRYwzSQY	Zechariah's Vision — Bishop Barron’s Sunday Sermon
BP0KEjFLc2E	https://www.youtube.com/watch?v=BP0KEjFLc2E	Collaborative Apostolate — Bishop Barron’s Sunday Sermon
Ax8t3idW24g	https://www.youtube.com/watch?v=Ax8t3idW24g	Terror on Every Side — Bishop Barron’s Sunday Sermon
u55_UcCZHqk	https://www.youtube.com/watch?v=u55_UcCZHqk	The Heart of God Himself — Bishop Barron’s Sermon at Thomas Aquinas College
3-giXW3_ijo	https://www.youtube.com/watch?v=3-giXW3_ijo	Super Substantial Bread — Bishop Barron’s Sunday Sermon
0gvYoLYW9OE	https://www.youtube.com/watch?v=0gvYoLYW9OE	The God Who Is Love — Bishop Barron's Sunday Sermon
zFUomMUfoME	https://www.youtube.com/watch?v=zFUomMUfoME	From the Upper Room to the Wider World (Sunday Homily from May 31, 2020)
x5KbSoDNEZM	https://www.youtube.com/watch?v=x5KbSoDNEZM	The Solemnity of the Ascension (Sunday Homily from May 24, 2020)
JzqZf5cxu0I	https://www.youtube.com/watch?v=JzqZf5cxu0I	Bringing the Word to Bear (Sunday Homily from May 17, 2020)
iF_56yz355A	https://www.youtube.com/watch?v=iF_56yz355A	Towards the Church's Peace: Prayer and Preaching (Sunday Homily from May 10, 2020)
At0v-YdXR0M	https://www.youtube.com/watch?v=At0v-YdXR0M	Called out of Corruption and into Christ (Sunday Homily from May 3, 2020)
yNz0LaFm9m8	https://www.youtube.com/watch?v=yNz0LaFm9m8	Eyes Open to Recognition and Mission (Sunday Homily from April 26, 2020)
3KRjS1YGcaw	https://www.youtube.com/watch?v=3KRjS1YGcaw	Breathing Divine Mercy (Sunday Homily from April 19, 2020)
8qW45nEHJHw	https://www.youtube.com/watch?v=8qW45nEHJHw	Bishop Barron’s Easter Homily
aOGvkV0vSmo	https://www.youtube.com/watch?v=aOGvkV0vSmo	Bishop Barron’s Good Friday Homily
AltkpG1_-fQ	https://www.youtube.com/watch?v=AltkpG1_-fQ	Get My Lenten Gospel Reflections Book!
7lHGKx_MGdI	https://www.youtube.com/watch?v=7lHGKx_MGdI	Bishop Barron's Homily for the Feast of Our Lady of Guadalupe
4KzTGbYBRhM	https://www.youtube.com/watch?v=4KzTGbYBRhM	Bishop Barron’s Easter Homily
_MGsU6Dm6c4	https://www.youtube.com/watch?v=_MGsU6Dm6c4	Bishop Barron Homily from the Word On Fire National Conference for Priests
WetuJoQnO9M	https://www.youtube.com/watch?v=WetuJoQnO9M	Bishop Barron's Good Friday Homily
