4nstz_G2Qtg	Fear No One - Bishop Barron's Sunday Sermon
QO3e96bCY8U	Be Attached to God Alone - Bishop Barron's Sunday Sermon
pmwzhbuSVkE	Jesus Sees Something in You - Bishop Barron's Sunday Sermon
Y3ajwigtUmg	From the Exodus to the Eucharist - Bishop Barron's Sunday Sermons
ggPWZr7QSa8	The Father, the Son, and the Holy Spirit - Bishop Barron's Sunday Sermon
9rs9OLPdn7s	Tongues of Fire - Bishop Barron's Sunday Sermon
zdd_PPvS3es	What Is the Spirit Calling You to Do? - Bishop Barron's Sunday Sermon
5v-YuHDLZ-s	Five Signs of the Holy Spirit - Bishop Barron's Sunday Sermon
4tQQVu2GxGA	The Dwelling Place of God - Bishop Barron's Sunday Sermon
QgbjVFVc0ec	Cut to the Heart - Bishop Barron's Sunday Sermon
3qDb0YqL7MA	The Pattern and Presence of Jesus - Bishop Barron's Sunday Sermon
wt7nKp6gs6g	Both His Wounds and His Peace - Bishop Barron's Sunday Sermon
gBO454vBmdQ	The Earthquake of the Resurrection - Bishop Barron's Sunday Sermon
lg95po4yAzs	God Enters Into Our Darkness - Bishop Barron's Sunday Sermons
KkE5zUTJVZs	Jesus Wept - Bishop Barron's Sunday Sermon
7y3_me_hEBU	The Light of the World - Bishop Barron's Sunday Sermon
8b-qvrZEYw4	Thirsting for God - Bishop Barron's Sunday Sermon
YSqp-I1Lnbk	The Adventure of Salvation - Bishop Barron's Sunday Sermon
DX0sTeiZCmg	The Serpent’s Slogans - Bishop Barron's Sunday Sermon
IBrnG-5WGTs	Which Path Will You Choose? - Bishop Barron's Sunday Sermons
6gK5DWFmWD0	Become Someone for Others - Bishop Barron's Sunday Sermon
9aXbPkBSEBk	Do You Want to Be Happy? - Bishop Barron's Sunday Sermon
_hgQQL1sx1Y	Unity in Christ - Bishop Barron’s Sunday Sermon
GZTdPDSVaZ4	The Lamb Who Takes Away the Sin of the World - Bishop Barron’s Sunday Sermon
J0TpYdrvaXY	Side by Side with Sinners - Bishop Barron’s Sunday Sermon
GJ1LPtf3Fa4	The Answer to Your Deepest Longing - Bishop Barron’s Sunday Sermon
JYi-sF1N2xI	Protect the Life of Christ in You - Bishop Barron’s Sunday Sermon
O25Q0SWBHx0	Are You Willing to Surrender to God? - Bishop Barron’s Sunday Sermon
FOweBDVeqcY	Waiting in Action - Bishop Barron’s Sunday Sermon
jRx1TaNSxxc	The Seven Gifts of the Holy Spirit - Bishop Barron’s Sunday Sermon
pvdDBoLtQsA	The Season of Sacred Waiting - Bishop Barron’s Sunday Sermon
DJPmljUy1Yo	The Marks of Spiritual Leadership - Bishop Barron’s Sunday Sermon
pH_4453Zgt0	The Old World Has Been Shaken - Bishop Barron’s Sunday Sermon
i5de-_AJfwI	The Place of Right Praise - Bishop Barron’s Sunday Sermon
48Nw7SPt2pY	Why We Pray for All Souls - Bishop Barron’s Sunday Sermon
e2n9PPshqs4	Are You Revolving Around God—Or God Around You? - Bishop Barron’s Sunday Sermon
KZNFiXm9D30	The Power of Prayer - Bishop Barron’s Sunday Sermon
IOfCRlJ1oos	The Gospel Is Jesus Christ - Bishop Barron’s Sunday Sermon
8tdezuvXYA8	Trust in God’s Plan - Bishop Barron’s Sunday Sermon
_0nWb_SuLWU	Love for the Poor - Bishop Barron’s Sunday Sermon
v6NzHrQn1dM	Dialogue is in Danger: 2025 Red Mass Homily
I4qsq_mNyfw	The Use—and Abuse—of Power - Bishop Barron’s Sunday Sermon
qLoQPpdCOk4	Christ, and Him Crucified - Bishop Barron’s Sunday Sermon
Bc3akiYyZIQ	Are You Ready for Serious Discipleship? - Bishop Barron’s Sunday Sermon
ZAsqvLY15ds	Don’t Play the Pride Game - Bishop Barron’s Sunday Sermon
gCG0IuDAvOA	Does God Punish Us? - Bishop Barron's Sunday Sermon
AkQyl1vUJwE	Christ Came to Cast Fire Upon the Earth - Bishop Barron's Sunday Sermon
WTgcnV9qZuA	What Is Faith? - Bishop Barron's Sunday Sermon
wJd6Bx7cj9M	All Things Must Pass - Bishop Barron's Sunday Sermon
u7hAuVwAoOs	Lord, Teach Us to Pray - Bishop Barron’s Sunday Sermon
frcI6OD0IbY	Are You Anxious and Worried About Many Things? - Bishop Barron’s Sunday Sermon
IQt9U5IkBKY	The Natural Law - Bishop Barron’s Sunday Sermon
P1B0W1EpmNQ	The Church’s Marching Orders - Bishop Barron’s Sunday Sermon
vPr8YRmfgeo	The Church Is Built on the Rock - Bishop Barron's Sunday Sermon
XR9f-jLv8bI	Join Your Life to Christ’s Sacrifice - Bishop Barron's Sunday Sermon
meR7RssU_Ck	Building a Bridge to Heaven: 2025 Presbyteral Ordination Homily
rh3N-5W4z0k	The Theology of the Trinity - Bishop Barron's Sunday Sermon
w9Cw4_dyAoE	The Fruit of the Spirit - Bishop Barron's Sunday Sermon
Z3xJkZBFTWE	Seated at the Right Hand of the Father - Bishop Barron's Sunday Sermon
jyqivoaOG3g	The Holy Spirit Will Teach You Everything - Bishop Barron's Sunday Sermon
mb5Um3h0pEc	The Love That Jesus Commands - Bishop Barron's Sunday Sermon
UJOh5nE0Wb8	The Voice in the Depths of Your Soul - Bishop Barron's Sunday Sermon
o_mbrBmH8vs	Becoming a Disciple of Jesus - Bishop Barron's Sunday Sermon
SqpdMoOy7Jo	Everything Has Changed - Bishop Barron's Sunday Sermon
QNbc9xa_0e8	Something Happened on Easter! - Bishop Barron's Sunday Sermon
Y1oH4Jinkos	The Forgiveness of Sinners - Bishop Barron's Sunday Sermon
NpM9yh2fVxA	The Conversion of Saint Paul - Bishop Barron's Sunday Sermon
kCfCd_F-4Wo	The Heavenly Banquet - Bishop Barron's Sunday Sermon
5W0IPLUi9zM	You Can’t Grasp—or Hide From—God - Bishop Barron Sunday Sermon
lEGeV6MTc5Q	When the Eternal Breaks Through - Bishop Barron's Sunday Sermon
aQkkO7iQ9JM	Three Questions to Ask Yourself During Lent - Bishop Barron's Sunday Sermon
NC_FoyxVDLw	The Revolution of the Resurrection - Bishop Barron's Sunday Sermon
gMznmrfQous	Give Expecting Nothing Back - Bishop Barron's Sunday Sermon
TvRjwrmMUYo	Place Your Heart in God - Bishop Barron's Sunday Sermon
eDbSKUz8A7M	Graced Sinners on Mission - Bishop Barron's Sunday Sermon
eJpSrt6UpMI	God Returns to His Temple - Bishop Barron's Sunday Sermon
RVspHhbDsrU	You Can’t Give What You Don’t Have - Bishop Barron's Sunday Sermon
lFQtKQy9fe4	The Marriage of Divinity and Humanity - Bishop Barron's Sunday Sermon
-2h4qSb7cqQ	Why Was Jesus Baptized? - Bishop Barron's Sunday Sermon
IR0-GTR_A3Q	Science Points to God - Bishop Barron's Sunday Sermon
rwguIOTzyhs	Freeing Your Family for God - Bishop Barron's Sunday Sermon
EIXbOqMRLYg	Why Mary Matters - Bishop Barron's Sunday Sermon
VyrBgRrY1Tg	The Peace that the World Can’t Give - Bishop Barron's Sunday Sermon
Vtpj7wRlvxM	Have You Wandered Away from God? - Bishop Barron's Sunday Sermon
5Kn4hqU5eiU	Three Dimensions of Advent - Bishop Barron's Sunday Sermon
cp3vQWP33p8	Which Kingdom Are You In? - Bishop Barron's Sunday Sermon
i50KxRUJDWk	A New World Unveiled - Bishop Barron's Sunday Sermon
eKZHmYjVPJE	Trusting God in Dire Straits - Bishop Barron's Sunday Sermon
GBaZFIaGkJM	The Highest Good Is God Alone - Bishop Barron's Sunday Sermon
P93qQh2KV0Y	Answering God’s Call - Bishop Barron's Sunday Sermon
SfJJRdYrLXs	What Real Power Looks Like - Bishop Barron's Sunday Sermon
4rCh9aTs_uw	What Do You Ask God For? - Bishop Barron's Sunday Sermon
nwIRsAjlX78	The Biblical Vision of the Family - Bishop Barron's Sunday Sermon
T0YV1YqaUEw	Whoever Is Not Against Us Is For Us - Bishop Barron's Sunday Sermon
TKCtR2mACfc	The Ladder Doesn’t Matter - Bishop Barron's Sunday Sermon
OeY171QHg_Q	Faith Without Works Is Dead - Bishop Barron's Sunday Sermon
4tTA_KXUNNM	Be Opened! - Bishop Barron's Sunday Sermon
U9mBgFlSAUI	The Goodness—and Dangers—of the Law - Bishop Barron's Sunday Sermon
x4xfiCKpaTI	Do You Accept This Teaching? - Bishop Barron's Sunday Sermon
_ZMw7CejKUY	Really, Truly, and Substantially Present - Bishop Barron's Sunday Sermon
bJoMgl1EFzM	Strength for the Journey - Bishop Barron's Sunday Sermon
HuDxtC0u4CM	Everything in This World Passes Away - Bishop Barron's Sunday Sermon
drFb2L-XZUA	Where Heaven and Earth Meet - Bishop Barron's Sunday Sermon
a1Y5DzCMCCQ	The Shepherd Has Arrived - Bishop Barron's Sunday Sermon
GfuPBlTqYiQ	The Earliest Moments of the Church - Bishop Barron's Sunday Sermon
r0tNOgMtBpg	A Thorn in the Flesh - Bishop Barron's Sunday Sermon
MjciT8wiDUU	Reach Out in Faith - Bishop Barron's Sunday Sermon
H5DZdbT00pg	Peace in the Storm - Bishop Barron's Sunday Sermon
SvWv_UY3INE	See Things Differently - Bishop Barron's Sunday Sermon
19CuqgFvjxo	What Is Sin? - Bishop Barron's Sunday Sermon
3snpp3VrYvE	The Power of Eucharistic Adoration - Bishop Barron's Sunday Sermon
Ez4-Xpqr5OI	Three Ways of Approaching the Trinity - Bishop Barron's Sunday Sermon
o_Mem8NxmTw	Fruits of the Spirit, Works of the Flesh - Bishop Barron's Sunday Sermon
kGQC4Ew4dw4	Get to Work! - Bishop Barron's Sunday Sermon
l7OsReuHzDc	Hints of the Holy Spirit - Bishop Barron's Sunday Sermon
GvuXObEW8ls	It’s Time for Some Pruning - Bishop Barron's Sunday Sermon
7jsSM2nUTvA	Three Qualities of a Good Shepherd - Bishop Barron's Sunday Sermon
6H_wqFdxdyY	What Happens After We Die? - Bishop Barron's Sunday Sermon
2Xvx0nG9CgU	Give Your Gifts Away  - Bishop Barron's Homily at the Good News Conference
CZspe5iIn6U	Do You Struggle to Believe? - Bishop Barron's Sunday Sermon
obDYEqVq2Kc	Evidence of the Resurrection - Bishop Barron's Sunday Sermon
dJe_4MmwjhY	Put Yourself in the Passion Narrative - Bishop Barron's Sunday Sermon
b4nMqD-sHXQ	Drinking the Blood of Christ - Bishop Barron's Sunday Sermon
Tt5L6REQpVA	Face Your Fears - Bishop Barron's Sunday Sermon
6kG1PHCyfEU	A Tour of the Ten Commandments - Bishop Barron's Sunday Sermon
QZ8IN_mtdEs	When Your Faith Is Put to the Test - Bishop Barron's Sunday Sermon
_fYT2kiHdmk	Are Your Soul and Body at War? - Bishop Barron's Sunday Sermon
IQ6TkhS0M-s	Reaching Out to the Lepers - Bishop Barron's Sunday Sermon
s4uuPF-NpAo	Pray, Serve, Evangelize - Bishop Barron's Sunday Sermon
4-qFpiUC3_s	Surrender to the Holy One - Bishop Barron's Sunday Sermon
XncqNoFbdX4	Listen to the Voice of God! - Bishop Barron's Sunday Sermon
62mMkIX5FrQ	The Voice of Conscience - Bishop Barron's Sunday Sermon
F7gZTURkbLk	The King of All the World - Bishop Barron's Sunday Sermon
Wm2dFf4VLD4	Go to Joseph - Bishop Barron's Sunday Sermon
5DaaX3lHz84	He Will Rule Forever - Bishop Barron's Sunday Sermon
AIyp7R1zwJM	The Voice of One Crying Out in the Desert - Bishop Barron's Sunday Sermon
HmscmwOTXtY	Confronting the Powers That Be - Bishop Barron's Sunday Sermon
amwJzqEzCKc	You Can’t Save Yourself - Bishop Barron's Sunday Sermon
dFY1HWDA8fc	Classic Sunday Sermon: The One True King
sh4698wruEI	Classic Sunday Sermon: The Enemy of Melancholy
2YZEGk0h0zM	Classic Sunday Sermon: You Must Rethink Your Spiritual Life
CVw8deSDCvE	Classic Sunday Sermon: Your Life is Not About You
JMMse54wVdM	Classic Sunday Sermon: God’s Rules for Life
c83PebOU48I	Classic Sunday Sermon: Does It Matter What You Believe?
A8A4LkuREMs	Classic Sunday Sermon: The Summit of the Christian Life
H_qdmO2QQ8A	Classic Sunday Sermon: The Key to Human Flourishing
OhXr4MPIWBU	Classic Sunday Sermon: Becoming a Brick Wall of Integrity
Rbexen7qs90	How Not to Think About Heaven - Bishop Barron's Sunday Sermon
OaeZ3cGlns8	Enter the Adventure - Bishop Barron's Sunday Sermon
BHGGYqXrLT8	Are We Saved by Faith Alone? - Bishop Barron's Sunday Sermon
gKNwOFTnEbw	A Fire in the Heart - Bishop Barron's Sunday Sermon
i81s9t8fH5o	When God’s Ways Are Confusing - Bishop Barron's Sunday Sermon
HjDzl65r9ns	Chosen for the Sake of the World - Bishop Barron's Sunday Sermon
LmMJyb5td8U	In the Storm? Look to Christ - Bishop Barron's Sunday Sermon
bL7ozbHYxA8	The True King Has Come - Bishop Barron's Sunday Sermon
8X8ELYpshy0	A Wise and Discerning Heart - Bishop Barron's Sunday Sermon
mQ7q5-uHbBg	The Parasite of Evil - Bishop Barron's Sunday Sermon
xj5ec16ZRZ0	God Has Spoken; Are You Listening? - Bishop Barron's Sunday Sermon
Wv9xYsNmeg0	Enter the Inner Life of God - Bishop Barron's Sunday Sermon
szvw5N9QHDI	You Can’t Be Neutral About Jesus - Bishop Barron's Sunday Sermon
7NnY1kp3OSE	Be Not Afraid - Bishop Barron's Sunday Sermon
jKqqflVBkhk	Shepherds, Warriors, Healers - Bishop Barron's Sunday Sermon
7zWQZukkRhs	Food for the Hungry Heart - Bishop Barron's Sunday Sermon
Ey2A8bvUk8Y	To the Father, through the Son, in the Spirit - Bishop Barron's Sunday Sermon
LPfiRqRcv9A	Surrender to the Spirit - Bishop Barron's Sunday Sermon
ktH4PnwWnZ0	Why Did Jesus Ascend to Heaven? - Bishop Barron's Sunday Sermon
PbMGNb_0PDM	What Are the Signs of the ﻿Holy Spirit? - Bishop Barron's Sunday Sermon
3NEr_e1pEaE	Be a Holy Priesthood - Bishop Barron's Sunday Sermon
GSUFaH4ZcyI	How to Proclaim the Faith - Bishop Barron's Sunday Sermon
FIEuVNz64AQ	When You’re Walking the Wrong Way - Bishop Barron's Sunday Sermon
ZQD8fYHiHJc	Agents of Divine Mercy - Bishop Barron's Sunday Sermon
FXWImmWdk9c	Let Christianity Be Weird! - Bishop Barron's Sunday Sermon
mZL3M4DYK5E	All the Way Down -  Bishop Barron's Sunday Sermon
2B0T38tsma0	Is Death the End? - Bishop Barron's Sunday Sermon
04QYuolYpzw	I Was Blind and Now I See - Bishop Barron's Sunday Sermon
0FUi0QsJ3Dw	The Thirsty Soul - Bishop Barron's Sunday Sermon
6hJkXZZzpXI	A Friend of the Lord Jesus - Bishop Barron's Sunday Sermon
khaZTqT0UJc	Time to Get Back to Basics - Bishop Barron's Sunday Sermon
vcwsPjfy-CM	Love as God Loves - Bishop Barron's Sunday Sermon
RHmo4IMsqzQ	Be a Saint! - Bishop Barron's Sunday Sermon
0XXPBnX-pxk	You Are the Salt of the Earth - Bishop Barron's Sunday Sermon
m6245-7y9vo	The Key to Happiness - Bishop Barron's Sunday Sermon
F0BOFL8zaYg	Join Your Life to the Light - Bishop Barron's Sunday Sermon
gD7T2uBhMoY	Behold, the Lamb of God! - Bishop Barron's Sunday Sermon
OAYaf60pIUA	Be Attentive to Epiphanies - Bishop Barron's Sunday Sermon
hOSJVor7YiA	Go in Haste, Be Astonished, Treasure! - Bishop's Sunday Sermon
pP-u1VgVADQ	God Became a Baby - Bishop Barron's Sunday Sermon
qFxgD8Mq4L0	The Promise of Emmanuel - Bishop Barron's Sunday Sermon
1YfXimIIR1U	Wait for the Desert to Bloom - Bishop Barron's Sunday Sermon
DygNQYZfds4	Go Meet John the Baptist - Bishop Barron's Sunday Sermon
1f0JM9pzbmM	An Advent Challenge - Bishop Barron's Sunday Sermon
UzCld0MU-WM	King of All, Warrior of Mercy - Bishop Barron's Sunday Sermon
OTeY7RDtWRg	The Shaking of Three Worlds - Bishop Barron's Sunday Sermon
sQzOBW4Fc7I	Our Restless Heart - Bishop Barron’s Homily
tufbeMHGcLc	The Reality of Life After Death - Bishop Barron's Sunday Sermon
qg5nOSDSMyc	You Have Been Loved Into Being - Bishop Barron's Sunday Sermon
4qTgE-F52Gk	Finish the Race - Bishop Barron's Sunday Sermon
YNZoKO-zql8	The Spiritual Life Is a Battle - Bishop Barron's Sunday Sermon
WAXXt3CYsw4	Where You Stumble, Dig for Treasure - Bishop Barron's Sunday Sermon
8iJ_xyPNiY8	Stand Strong in the Spirit - Bishop Barron's Sunday Sermon
3JVoSRX6Juo	How Are You Caring for the Poor? - Bishop Barron's Sunday Sermon
lQUIBehSEGk	Don’t Demonize—or Divinize—the Powerful - Bishop Barron's Sunday Sermon
ZiAWLJkxBpk	God Is Crazy in Love with You - Bishop Barron's Sunday Sermon
wzKzC0MJkRg	The Fair-Weather Fans of Jesus - Bishop Barron's Sunday Sermon
90gP3d-K920	Act Against Your Attachments - Bishop Barron's Sunday Sermon
oEs3f2Ubpvg	How Many Will Be Saved? - Bishop Barron's Sunday Sermon
6-7f3izeL0A	Let Christ ﻿Light a Fire in You - Bishop Barron's Sunday Sermons
ccHb5Vo3ONA	Bishop Barron’s Homily - Installation Mass, Diocese of Winona-Rochester
7mMbdVXz6UQ	Bishop Barron’s Homily - Solemn Vespers, Diocese of Winona-Rochester
V5II3xYWE1w	Go on a Hero’s Journey - Bishop Barron's Sunday Sermon
sFVlbeUD0DE	You Can’t Take It With You - Bishop Barron's Sunday Sermon
w2ysPSuz7_U	What Is the Lord’s Prayer About? - Bishop Barron's Sunday Sermon
j-QrUI-gvUo	Focus on the One Thing Necessary - Bishop Barron's Sunday Sermon
kp0M7P0si88	Farewell Mass Homily, Mission Santa Barbara
lvpSzNLWPcw	Christ Can Heal Us - Bishop Barron's Sunday Sermon
9-9uW6puDeQ	How Will You Evangelize Today? - Bishop Barron's Sunday Sermon
IMZXkq_bV6E	Following Jesus Comes First - Bishop Barron's Sunday Sermon
-QbIQRK4_vA	Sacrifice, Covenant, Banquet -  Bishop Barron's Sunday Sermon
ToOHfdixzok	What Is the Trinity? - Bishop Barron's Sunday Sermons
wpm7ax8PaHc	Seek the Mark of the Spirit - Bishop Barron's Sunday Sermon
Y10DdWXj-_g	Come, Lord Jesus! - Bishop Barron's Sunday Sermon
RfaQfZetjNg	The Heavenly City - Bishop Barron's Sunday Sermon
YFCnjo8c6CU	Rescued from the Depths - Bishop Barron's Sunday Sermon
OX2Bc2A4lVs	The Great Army of the Martyrs - Bishop Barron's Sunday Sermon
GNSedMOH9bg	Right Praise, Right Order - Bishop Barron's Sunday Sermon
3Z7yn9GM6xw	The Unveiling of a New World - Bishop Barron's Sunday Sermon
hbeQPYePXS0	Three Lessons of the Resurrection - Bishop Barron's Sunday Sermon
gHNGtXXQVQs	The Cross - Good Friday Homily 2022
EkEW9JLnX74	Source and Summit - Holy Thursday Homily 2022
Jvi9Hmvki0k	The Master Has Need of It - Bishop Barron's Sunday Sermon
jIBm3BTIw48	Refuse Scapegoating Violence - Bishop Barron's Sunday Sermon
9sgd91rGpnw	Everything He Has Is Yours - Bishop Barron's Sunday Sermon
GbmiXwh6rsg	Who Is God? - Bishop Barron's Sunday Sermon
4EFwa0jtzhA	Trust and Give: Bishop Barron's Homily at the Good News Conference 2021
4Eu_e0BEVv4	Awaiting Resurrection - Bishop Barron's Sunday Sermon
B5DurfJ-e2k	Three Levels of Temptation - Bishop Barron's Sunday Sermon
ATkwQhZdXxk	Pray, Fast, and Give Alms This Lent - Ash Wednesday Homily
svJKRuhAnGU	Beware of Blind Guides - Bishop Barron's Sunday Sermon
B7a9gJx87bQ	Give as God Gives - Bishop Barron's Sunday Sermon
hpgjd7wkFAI	To What Does Your Heart Belong? - Bishop Barron's Sunday Sermon
TzJuzLwQPq4	The Invasion of Grace - Bishop Barron's Sunday Sermon
zoK8uXl3f9c	Give Away the Grace You've Been Given - Bishop Barron's Sunday Sermon
1F9ZCtDV7V4	Should We Build Walls or Bridges? — Bishop Barron’s Sunday Sermon
LVKio8RZKKA	Your Water into God’s Wine - Bishop Barron's Sunday Sermon
F0LmwVuVJB0	Priests, Prophets, and Kings — Bishop Barron’s Sunday Sermon
RPLlVA2h0gk	Is Science Opposed to Faith? — Bishop Barron’s Sunday Sermon
aGknOrmqsXY	Love the Ones You’re Given — Bishop Barron’s Sunday Sermon
4x_blFDePJY	Give Up the Ego-Drama! — Bishop Barron’s Sunday Sermon
L8TxLSDJdtU	Have You Found Joy? — Bishop Barron’s Sunday Sermon
CIVvpFojbzk	The Historical Reality of Jesus — Bishop Barron’s Sunday Sermon
vNAwrhRjiok	Look Back, Look Around, Look Forward — Bishop Barron’s Sunday Sermon
tICxaSQFJGo	Is Jesus the King of Your Life? — Bishop Barron’s Sunday Sermon
6B4XJkXksh4	What Is the Apocalypse? — Bishop Barron’s Sunday Sermon
M-hps7KCOXk	Trust in the Lord — Bishop Barron’s Sunday Sermon
CnmdlTvJ1xE	Bishop Barron's Advent 2021 Gospel Reflections Book
XpqRB7S-zoc	No God but the Lord Alone — Bishop Barron’s Sunday Sermon
QquyQwR4KxY	Are You Blinded by Cities of Sin? — Bishop Barron’s Sunday Sermon
Ev8TK2JldRg	Do You Really Want What God Wants?﻿ — Bishop Barron’s Sunday Sermon
DrPZqlC83UU	It’s Time for a Radical Choice — Bishop Barron’s Sunday Sermon
TCg4oDY8m74	How to Fall in Love — Bishop Barron’s Sunday Sermon
VyIdYDpSICE	We Just Don’t Get It — Bishop Barron’s Sunday Sermon
ymaSHF6MpDU	Envy Will Destroy Us — Bishop Barron’s Sunday Sermon
X3HODbstqxg	God Suffers for Us — Bishop Barron’s Sunday Sermon
KufcHq30DWo	Have You Stopped Listening to Jesus? — Bishop Barron’s Sunday Sermon
OSO6NYp5rKA	The Beauty of the Law — Bishop Barron’s Sunday Sermon
wfv9T-i3ICY	Time to Test Your Faith — Bishop Barron’s Sunday Sermon
cx43CrSMni0	God’s Warrior Queen — Bishop Barron’s Sunday Sermon
ZXzxu1mcFm8	Where to Go When You Cannot Go On — Bishop Barron’s Sunday Sermon
Tu7PXaasHD0	Finding Lasting Happiness — Bishop Barron’s Sunday Sermon
pqw8PkT8Iu8	What You Need to Know about the Catholic Mass — Bishop Barron’s Sunday Sermon
CqKyrUpG2UI	How to Be a Good Leader — Bishop Barron’s Sunday Sermon
YsX3tkeLZa4	Proclaiming Christ in the Culture — Bishop Barron’s Sunday Sermon
nP25W6z0st8	You Are Called to Be a Prophet — Bishop Barron’s Sunday Sermon
QDoMI9-_kb8	Faith When You’re Frustrated with God — Bishop Barron’s Sunday Sermon
U9WNWplC_zI	Why Is Life So Full of Suffering? — Bishop Barron’s Sunday Sermon
52lPvsMuNqM	The Last King Standing — Bishop Barron’s Sunday Sermon
oHpSXbVlYVM	The Lifeblood of God — Bishop Barron’s Sunday Sermon
IqjFe3AoZYw	How To Understand the Trinity — Bishop Barron’s Sunday Sermon
pBKrzC_-3LQ	Sanctifying the World: Bishop Barron’s University of St. Thomas Homily
sdrubPqKtnw	What “Unity in Diversity” Actually Means — Bishop Barron’s Sunday Sermon
7jN1JsYA1SQ	Jesus Is the Way, the Truth, and the Life — Bishop Barron’s Sunday Sermon
7JTrysrXJAI	What Does God Want for Me? — Bishop Barron’s Sunday Sermon
_SqsQg5A_j8	How to Know Christ Is Alive in You — Bishop Barron’s Sunday Sermon
PqnxgwRrmv0	How to Get to Heaven — Bishop Barron’s Sunday Sermon
vjieDxvNFR0	What Does the Resurrection Actually Mean? — Bishop Barron’s Sunday Sermon
azV2S7Du900	The Wounds of Love — Bishop Barron’s Sunday Sermon
oU44CfXulNI	The Terror of the Grave and the Truth of the Resurrection — Bishop Barron’s Sunday Sermon
hzKOJq8hA10	Will You Stay or Will You Run? — Bishop Barron’s Sunday Sermon
N8EIPlN19u0	One Promise That Can’t Be Broken — Bishop Barron’s Sunday Sermon
RhA_zXQoXJ4	What Christianity Is All About — Bishop Barron’s Sunday Sermon
ofCZtyDJ7Y4	Welcome to Basic Training — Bishop Barron’s Sunday Sermon
7-kQ2w97eN4	The Hardest Choice You’ll Ever Have to Make — Bishop Barron’s Sunday Sermon
ezZxL5xoEq8	Three Habits to Get the Most Out of Lent — Bishop Barron’s Sunday Sermon
Eh2otY27BCo	Don’t Be Afraid to Ask — Bishop Barron’s Sunday Sermon
L9nWBwPy6es	What Our Lives Must Be About — Bishop Barron’s Sunday Sermon
Bz1GrJeAHfg	Greater than the Greatest of All Time — Bishop Barron’s Sunday Sermon
7qwQJMNj_Z0	We Fight for Life: Homily from the Requiem Mass for the Unborn
PqGXDnG2Wus	There’s Nowhere to Run — Bishop Barron’s Sunday Sermon
IZL0UEwLoNk	Available Now: Lenten Gospel Reflections from Bishop Barron
zgmylFJNzPc	God Is Speaking—But Are We Ready to Listen? — Bishop Barron’s Sunday Sermon
uOn4LW67Eak	Standing Shoulder to Shoulder with Sinners — Bishop Barron’s Sunday Sermon
6FXGJNBqilI	You Can’t Go Back to the Way Things Were — Bishop Barron’s Sunday Sermon
zG7HjXzPy2U	Does God Keep His Promises? — Bishop Barron’s Sunday Sermon
CzAAZbdvteg	Joy for the Brokenhearted — Bishop Barron’s Sunday Sermon
kyGMaI629kI	It’s Time to Come Home — Bishop Barron’s Sunday Sermon
erjmVZApLW0	Naming What We All Know — Bishop Barron’s Sunday Sermon
Ij0w6n62auE	The One True King — Bishop Barron’s Sunday Sermon
Ft5lHloetCE	The Enemy of Melancholy — Bishop Barron’s Sunday Sermon
V9vi24rHWGI	You Must Rethink Your Spiritual Life — Bishop Barron’s Sunday Sermon
IGkeOsCpN9g	Your Life is Not About You — Bishop Barron’s Sunday Sermon
Kj8vjLUvIlc	God’s Rules for Life — Bishop Barron’s Sunday Sermon
tC68zDPgZTg	Does It Matter What You Believe? — Bishop Barron’s Sunday Sermon
tXW5PRYosms	Bishop Barron's Advent 2020 Gospel Reflections Book
SQW1VNUnXVk	The Divine Plan for Peace — Bishop Barron’s Sunday Sermon
I7TWWFWHEbE	The Key to Human Flourishing — Bishop Barron’s Sunday Sermon
lEVC769t4gQ	Becoming a Brick Wall of Integrity — Bishop Barron’s Sunday Sermon
3-S_gOsm7CE	Why Does God Allow Suffering? — Bishop Barron’s Sunday Sermon
RvzkgSzrjfw	How to Heal a Broken Relationship — Bishop Barron’s Sunday Sermon
hLlAzzoQ7IM	Words Should Not Be Weapons — Bishop Barron’s Sunday Sermon
6dmL48CUdWg	How to Lose Your Soul (And How to Save It) — Bishop Barron’s Sunday Sermon
UraNrn5gbEg	Bishop Barron's Homily on St. Junípero Serra
OYBjxjvt6yU	Mighty Ones, Look Upon Your Works and Despair — Bishop Barron’s Sunday Sermon
czM4FZjxwcQ	Why God Chose You — Bishop Barron’s Sunday Sermon
O0Q7u75C_gk	The Worst of Religion, the Best of Religion — Bishop Barron’s Sunday Sermon
MkIzVIL84c8	God’s Gift for You — Bishop Barron’s Sunday Sermon
n56qfPMBRVA	What Do You Want God to Do for You? – Bishop Barron's Sunday Sermon
E2ilaI0q1a8	Those Who are Just Must be Kind — Bishop Barron’s Sunday Sermon
Y1hGyer1Cmo	When God Speaks — Bishop Barron’s Sunday Sermon
PwOgRYwzSQY	Zechariah's Vision — Bishop Barron’s Sunday Sermon
BP0KEjFLc2E	Collaborative Apostolate — Bishop Barron’s Sunday Sermon
Ax8t3idW24g	Terror on Every Side — Bishop Barron’s Sunday Sermon
u55_UcCZHqk	The Heart of God Himself — Bishop Barron’s Sermon at Thomas Aquinas College
3-giXW3_ijo	Super Substantial Bread — Bishop Barron’s Sunday Sermon
0gvYoLYW9OE	The God Who Is Love — Bishop Barron's Sunday Sermon
zFUomMUfoME	From the Upper Room to the Wider World (Sunday Homily from May 31, 2020)
x5KbSoDNEZM	The Solemnity of the Ascension (Sunday Homily from May 24, 2020)
JzqZf5cxu0I	Bringing the Word to Bear (Sunday Homily from May 17, 2020)
iF_56yz355A	Towards the Church's Peace: Prayer and Preaching (Sunday Homily from May 10, 2020)
At0v-YdXR0M	Called out of Corruption and into Christ (Sunday Homily from May 3, 2020)
yNz0LaFm9m8	Eyes Open to Recognition and Mission (Sunday Homily from April 26, 2020)
3KRjS1YGcaw	Breathing Divine Mercy (Sunday Homily from April 19, 2020)
8qW45nEHJHw	Bishop Barron’s Easter Homily
aOGvkV0vSmo	Bishop Barron’s Good Friday Homily
AltkpG1_-fQ	Get My Lenten Gospel Reflections Book!
7lHGKx_MGdI	Bishop Barron's Homily for the Feast of Our Lady of Guadalupe
4KzTGbYBRhM	Bishop Barron’s Easter Homily
_MGsU6Dm6c4	Bishop Barron Homily from the Word On Fire National Conference for Priests
WetuJoQnO9M	Bishop Barron's Good Friday Homily
